BLOCO,CONTRATO,OPERADOR,CONTRATADOS,BACIA,AMBIENTE,ÁREA (MIL km²),RODADA,PERÍODO,PRESENÇA PAD,DATA ASSINATURA CONTRATO,DATA INÍCIO SUSPENSÃO,1º PE VENCIMENTO,2º PE VENCIMENTO,3º PE VENCIMENTO,ÚLTIMO PAD VENCIMENTO,FASE EXPLORATÓRIA VENCIMENTO,UTs COMPROMISSADAS,QTD POÇOS PERFURADOS,POÇOS PERFURADOS
2_IRMAOS,48610006635201804,Petrobras,"*Petrobras - 45%, BP Energy - 30%, Equinor Brasil - 25%",Campos,MAR,1.41426,PP4,1º PE,NÃO HÁ/HOUVE PAD,2018-12-17 00:00:00,,2025-12-17 00:00:00,,,,2025-12-17 00:00:00,0,1,1-BRSA-1384-RJS
ALTO_CF_CE,48610012962201714,Petrobras,"*Petrobras - 50%, BP Energy - 50%",Campos,MAR,3.674369,PP3,1º PE,NÃO HÁ/HOUVE PAD,2018-01-31 00:00:00,,2025-01-31 00:00:00,,,,2025-01-31 00:00:00,0,2,"1-BRSA-1383-RJS, 1-BRSA-1383A-RJS"
ALTO_CF_O,48610012963201751,Shell Brasil,"*Shell Brasil - 55%, QatarEnergy - 25%, CNOOC Petroleum - 20%",Santos,MAR,1.382999,PP3,1º PE,NÃO HÁ/HOUVE PAD,2018-01-31 00:00:00,,2025-10-31 00:00:00,,,,2025-10-31 00:00:00,0,1,1-SHEL-31-RJS
AM-T-62,48610204665202171,Eneva,*Eneva - 100%,Amazonas,TERRA,2.8115799999999997,OP2_BE,1º PE,NÃO HÁ/HOUVE PAD,2021-06-28 00:00:00,,2029-06-28 00:00:00,,,,2029-06-28 00:00:00,3138,0,
AM-T-84,48610204666202116,Eneva,*Eneva - 100%,Amazonas,TERRA,2.52941,OP2_BE,1º PE,HÁ/HOUVE PAD,2021-06-28 00:00:00,,2029-06-28 00:00:00,,,27/11/2024,2029-06-28 00:00:00,4138,3,"1-ENV-25D-AM, 3-ENV-33D-AM, 3-ENV-35D-AM"
AM-T-85,48610204667202161,Eneva,*Eneva - 100%,Amazonas,TERRA,1.8833,OP2_BE,1º PE,HÁ/HOUVE PAD,2021-06-28 00:00:00,,2030-12-28 00:00:00,,,27/11/2024,2030-12-28 00:00:00,4138,3,"1-ENV-27D-AM, 1-ENV-31D-AM, 3-ENV-39D-AM"
ARAM,48610220938201919,Petrobras,"*Petrobras - 80%, CNODC Brasil - 20%",Santos,MAR,4.4756800000000005,PP6,1º PE,HÁ/HOUVE PAD,2020-03-30 00:00:00,,2027-03-30 00:00:00,,,30/12/2026,2027-03-30 00:00:00,0,1,1-BRSA-1381-SPS
BAR-M-175,486100079662004,Petrobras,"*Petrobras - 60%, BP Energy - 40%",Barreirinhas,MAR,0.769235,BID6,SUSPENSO,NÃO HÁ/HOUVE PAD,2004-11-24 00:00:00,2014-02-05 00:00:00,2010-11-24 00:00:00,2014-02-18 00:00:00,,,2014-02-18 00:00:00,8,0,
BAR-M-215,48610005426201321,Shell Brasil,"*Shell Brasil - 65%, PTTEP Brasil - 25%, Mitsui E&P Brasil - 10%",Barreirinhas,MAR,0.769178,BID11,SUSPENSO,NÃO HÁ/HOUVE PAD,2013-08-06 00:00:00,2019-10-08 00:00:00,2019-11-03 00:00:00,2022-11-03 00:00:00,,,2022-11-03 00:00:00,280,0,
BAR-M-217,48610005491201356,Shell Brasil,"*Shell Brasil - 65%, PTTEP Brasil - 25%, Mitsui E&P Brasil - 10%",Barreirinhas,MAR,0.769178,BID11,SUSPENSO,NÃO HÁ/HOUVE PAD,2013-08-06 00:00:00,2019-10-08 00:00:00,2019-11-03 00:00:00,2022-11-03 00:00:00,,,2022-11-03 00:00:00,280,0,
BAR-M-252,48610005424201331,Shell Brasil,"*Shell Brasil - 65%, PTTEP Brasil - 25%, Mitsui E&P Brasil - 10%",Barreirinhas,MAR,0.769106,BID11,SUSPENSO,NÃO HÁ/HOUVE PAD,2013-08-06 00:00:00,2019-10-08 00:00:00,2019-11-03 00:00:00,2022-11-03 00:00:00,,,2022-11-03 00:00:00,1280,0,
BAR-M-254,48610005633201385,Shell Brasil,"*Shell Brasil - 65%, PTTEP Brasil - 25%, Mitsui E&P Brasil - 10%",Barreirinhas,MAR,0.769106,BID11,SUSPENSO,NÃO HÁ/HOUVE PAD,2013-08-06 00:00:00,2019-10-08 00:00:00,2019-11-03 00:00:00,2022-11-03 00:00:00,,,2022-11-03 00:00:00,280,0,
BAR-M-292,48610005454201348,Chariot Brasil,*Chariot Brasil - 100%,Barreirinhas,MAR,0.192261,BID11,1º PE,NÃO HÁ/HOUVE PAD,2013-08-30 00:00:00,,2024-03-15 00:00:00,2027-03-15 00:00:00,,,2027-03-15 00:00:00,121,0,
BAR-M-293,48610005423201397,Chariot Brasil,*Chariot Brasil - 100%,Barreirinhas,MAR,0.192261,BID11,1º PE,NÃO HÁ/HOUVE PAD,2013-08-30 00:00:00,,2024-03-16 00:00:00,2027-03-16 00:00:00,,,2027-03-16 00:00:00,121,0,
BAR-M-298,48610005429201364,Shell Brasil,*Shell Brasil - 100%,Barreirinhas,MAR,0.769021,BID11,SUSPENSO,NÃO HÁ/HOUVE PAD,2013-08-06 00:00:00,2019-10-08 00:00:00,2019-11-03 00:00:00,2022-11-03 00:00:00,,,2022-11-03 00:00:00,280,0,
BAR-M-300,48610005451201312,Shell Brasil,"*Shell Brasil - 50%, Petrobras - 40%, Galp Energia Brasil - 10%",Barreirinhas,MAR,0.769021,BID11,SUSPENSO,NÃO HÁ/HOUVE PAD,2013-08-30 00:00:00,2019-10-08 00:00:00,2019-11-27 00:00:00,2022-11-27 00:00:00,,,2022-11-27 00:00:00,280,0,
BAR-M-314,48610005495201334,Chariot Brasil,*Chariot Brasil - 100%,Barreirinhas,MAR,0.192249,BID11,1º PE,NÃO HÁ/HOUVE PAD,2013-08-30 00:00:00,,2024-03-16 00:00:00,2027-03-16 00:00:00,,,2027-03-16 00:00:00,121,0,
BAR-M-340,48610005432201388,Shell Brasil,*Shell Brasil - 100%,Barreirinhas,MAR,0.7689210000000001,BID11,SUSPENSO,NÃO HÁ/HOUVE PAD,2013-08-06 00:00:00,2019-10-08 00:00:00,2019-11-03 00:00:00,2022-11-03 00:00:00,,,2022-11-03 00:00:00,1280,0,
BAR-M-342,48610005490201310,Shell Brasil,"*Shell Brasil - 50%, Petrobras - 40%, Galp Energia Brasil - 10%",Barreirinhas,MAR,0.7689210000000001,BID11,SUSPENSO,NÃO HÁ/HOUVE PAD,2013-08-30 00:00:00,2019-10-08 00:00:00,2019-11-27 00:00:00,2022-11-27 00:00:00,,,2022-11-27 00:00:00,1280,0,
BAR-M-344,48610005447201346,Shell Brasil,"*Shell Brasil - 50%, Petrobras - 40%, Galp Energia Brasil - 10%",Barreirinhas,MAR,0.7689210000000001,BID11,SUSPENSO,NÃO HÁ/HOUVE PAD,2013-08-30 00:00:00,2019-10-08 00:00:00,2019-11-27 00:00:00,2022-11-27 00:00:00,,,2022-11-27 00:00:00,3300,0,
BAR-M-346,48610005497201323,BP Energy,"*BP Energy - 50%, TotalEnergies EP - 50%",Barreirinhas,MAR,0.7689210000000001,BID11,SUSPENSO,NÃO HÁ/HOUVE PAD,2013-08-06 00:00:00,2019-11-03 00:00:00,2019-11-03 00:00:00,2022-11-03 00:00:00,,,2022-11-03 00:00:00,2100,0,
BAR-M-387,48610005442201313,3R Petroleum,*3R Petroleum - 100%,Barreirinhas,MAR,0.192209,BID11,1º PE,NÃO HÁ/HOUVE PAD,2013-08-30 00:00:00,,2024-03-28 00:00:00,2027-03-28 00:00:00,,,2027-03-28 00:00:00,122,0,
BAR-M-388,48610005461201340,Shell Brasil,"*Shell Brasil - 50%, Petrobras - 40%, Galp Energia Brasil - 10%",Barreirinhas,MAR,0.192209,BID11,SUSPENSO,NÃO HÁ/HOUVE PAD,2013-08-30 00:00:00,2019-10-08 00:00:00,2019-11-27 00:00:00,2022-11-27 00:00:00,,,2022-11-27 00:00:00,1123,0,
BLC_3MARIA,48610006636201841,Petrobras,"*Petrobras - 30%, Shell Brasil - 40%, Chevron Brasil Óleo - 30%",Santos,MAR,0.82145,PP4,1º PE,NÃO HÁ/HOUVE PAD,2018-12-17 00:00:00,,2025-12-17 00:00:00,,,,2025-12-17 00:00:00,0,1,1-BRSA-1382D-RJS
BLC_UIRAPR,48610006637201895,Petrobras,"*Petrobras - 30%, Equinor Brasil - 28%, ExxonMobil Brasil - 28%, Petrogal Brasil - 14%",Santos,MAR,1.2853299999999999,PP4,1º PE,NÃO HÁ/HOUVE PAD,2018-12-17 00:00:00,,2025-12-17 00:00:00,,,,2025-12-17 00:00:00,0,3,"1-BRSA-1373-SPS, 1-BRSA-1373A-SPS, 1-BRSA-1373B-SPS"
BM-BAR-1,486100107302001,Petrobras,*Petrobras - 100%,Barreirinhas,MAR,0.57672,BID3,SUSPENSO,HÁ/HOUVE PAD,2001-08-29 00:00:00,2015-06-01 00:00:00,2004-08-29 00:00:00,2012-07-18 00:00:00,2014-04-20 00:00:00,14/12/2018,2018-12-14 00:00:00,0,2,"1-BRSA-1015-MAS, 1-BRSA-729-MAS"
BM-BAR-3,486100092122002,Petrobras,"*Petrobras - 60%, BP Energy - 40%",Barreirinhas,MAR,0.12821000000000002,BID4,SUSPENSO,HÁ/HOUVE PAD,2002-09-02 00:00:00,2012-05-14 00:00:00,2005-09-02 00:00:00,2009-06-02 00:00:00,2010-09-02 00:00:00,23/11/2012,2012-11-23 00:00:00,0,2,"1-DEV-14-MAS, 1-DEV-14A-MAS"
BM-PAMA-3,486100107092001,Petrobras,*Petrobras - 100%,Pará - Maranhão,MAR,0.833289,BID3,SUSPENSO,HÁ/HOUVE PAD,2001-08-29 00:00:00,2019-10-08 00:00:00,2004-08-29 00:00:00,2011-11-30 00:00:00,2012-04-17 00:00:00,15/12/2020,2020-12-15 00:00:00,0,1,1-BRSA-903-PAS
BM-S-24,486100107332001,Petrobras,"*Petrobras - 80%, Petrogal Brasil - 20%",Santos,MAR,0.954787,BID3,PRORROGADO POR PAD,HÁ/HOUVE PAD,2001-08-29 00:00:00,,2004-08-29 00:00:00,2009-02-28 00:00:00,2009-08-29 00:00:00,28/11/2026,2026-11-28 00:00:00,0,7,"1-BRSA-559-RJS, 1-BRSA-559A-RJS, 3-BRSA-1183-RJS, 3-BRSA-1183i-RJS, 3-BRSA-1246-RJS, 3-BRSA-967-RJS, 3-BRSA-967A-RJS"
C-M-101,486100079742004,Petro Rio Jaguar,"*Petro Rio Jaguar - 64.286%, IBV Brasil Petróleo - 35.714%",Campos,MAR,0.06417700000000001,BID6,PRORROGADO POR PAD,HÁ/HOUVE PAD,2004-11-24 00:00:00,,2009-05-24 00:00:00,2010-11-24 00:00:00,,30/03/2023,2023-03-30 00:00:00,2287,7,"1-APL-1-ESS, 1-APL-2-ESS, 1-APL-2DA-ESS, 1-APL-3-ESS, 1-KMG-3-ESS, 3-APL-6-ESS, 3-APL-7D-ESS"
C-M-210,48610012634201718,Petrobras,"*Petrobras - 50%, ExxonMobil Brasil - 50%",Campos,MAR,0.30977,BID14,1º PE,NÃO HÁ/HOUVE PAD,2018-01-29 00:00:00,,2025-01-29 00:00:00,,,,2025-01-29 00:00:00,90,0,
C-M-277,48610012633201765,Petrobras,"*Petrobras - 50%, ExxonMobil Brasil - 50%",Campos,MAR,0.661471,BID14,1º PE,NÃO HÁ/HOUVE PAD,2018-01-29 00:00:00,,2025-01-29 00:00:00,,,,2025-01-29 00:00:00,184,0,
C-M-344,48610012629201705,Petrobras,"*Petrobras - 50%, ExxonMobil Brasil - 50%",Campos,MAR,0.49224,BID14,1º PE,NÃO HÁ/HOUVE PAD,2018-01-29 00:00:00,,2025-01-29 00:00:00,,,,2025-01-29 00:00:00,85,0,
C-M-346,48610012632201711,Petrobras,"*Petrobras - 50%, ExxonMobil Brasil - 50%",Campos,MAR,0.711521,BID14,1º PE,NÃO HÁ/HOUVE PAD,2018-01-29 00:00:00,,2025-01-29 00:00:00,,,,2025-01-29 00:00:00,2124,1,1-BRSA-1380D-RJS
C-M-37,48610012635201754,ExxonMobil Brasil,*ExxonMobil Brasil - 100%,Campos,MAR,0.718865,BID14,1º PE,NÃO HÁ/HOUVE PAD,2018-01-29 00:00:00,,2025-10-29 00:00:00,,,,2025-10-29 00:00:00,208,0,
C-M-411,48610012622201785,Petrobras,"*Petrobras - 50%, ExxonMobil Brasil - 50%",Campos,MAR,0.71025,BID14,1º PE,NÃO HÁ/HOUVE PAD,2018-01-29 00:00:00,,2025-01-29 00:00:00,,,,2025-01-29 00:00:00,1124,1,1-BRSA-1377-RJS
C-M-413,48610012624201774,Petrobras,"*Petrobras - 50%, ExxonMobil Brasil - 50%",Campos,MAR,0.71025,BID14,1º PE,NÃO HÁ/HOUVE PAD,2018-01-29 00:00:00,,2025-01-29 00:00:00,,,,2025-01-29 00:00:00,150,0,
C-M-477,48610221672201913,Petrobras,"*Petrobras - 70%, BP Energy - 30%",Campos,MAR,1.3625399999999999,BID16,1º PE,NÃO HÁ/HOUVE PAD,2020-02-14 00:00:00,,2027-02-14 00:00:00,,,,2027-02-14 00:00:00,1371,0,
C-M-479,48610221675201957,ExxonMobil Brasil,*ExxonMobil Brasil - 100%,Campos,MAR,0.70897,BID16,1º PE,NÃO HÁ/HOUVE PAD,2020-02-14 00:00:00,,2027-11-14 00:00:00,,,,2027-11-14 00:00:00,245,0,
C-M-539,48610009157200561,Equinor Energy,"*Equinor Energy - 35%, Repsol Sinopec - 35%, Petrobras - 30%",Campos,MAR,0.707673,BID7,PRORROGADO POR PAD,HÁ/HOUVE PAD,2006-01-12 00:00:00,,2010-08-26 00:00:00,2012-08-26 00:00:00,,20/09/2023,2023-09-20 00:00:00,2133,10,"1-REPF-11-RJS, 1-REPF-11A-RJS, 1-REPF-12D-RJS, 1-REPF-5-RJS, 3-REPF-14-RJS, 3-REPF-15D-RJS, 3-REPF-15DA-RJS, 3-REPF-16D-RJS, 3-REPF-17-RJS, 6-REPF-6P-RJS"
C-M-541,48610221673201968,TotalEnergies EP,"*TotalEnergies EP - 40%, QatarEnergy - 40%, Petronas - 20%",Campos,MAR,2.5034,BID16,1º PE,NÃO HÁ/HOUVE PAD,2020-02-14 00:00:00,,2027-02-14 00:00:00,,,,2027-02-14 00:00:00,2681,2,"1-TOT-2-RJS, 1-TOT-3-RJS"
C-M-61,486100079762004,Petro Rio Jaguar,"*Petro Rio Jaguar - 60%, TotalEnergies EP - 40%",Campos,MAR,0.12197100000000001,BID6,PRORROGADO POR PAD,HÁ/HOUVE PAD,2004-11-24 00:00:00,,2010-06-30 00:00:00,2010-11-24 00:00:00,,30/03/2023,2023-03-30 00:00:00,2196,5,"1-DEV-15-ESS, 1-DEV-15A-ESS, 1-DEV-8-ESS, 3-BP-4-ESS, 3-BP-9-ESS"
C-M-657,48610005772201813,Petrobras,"*Petrobras - 30%, ExxonMobil Brasil - 40%, Equinor Brasil - 30%",Campos,MAR,0.45082,BID15,1º PE,NÃO HÁ/HOUVE PAD,2018-09-11 00:00:00,,2025-09-11 00:00:00,,,,2025-09-11 00:00:00,1075,1,1-BRSA-1376D-RJS
C-M-659,48610221674201911,Shell Brasil,"*Shell Brasil - 40%, Chevron Brasil Óleo - 35%, QatarEnergy - 25%",Campos,MAR,1.1079400000000001,BID16,1º PE,NÃO HÁ/HOUVE PAD,2020-02-14 00:00:00,,2027-11-14 00:00:00,,,,2027-11-14 00:00:00,1324,0,
C-M-661,48610221676201900,Petronas,*Petronas - 100%,Campos,MAR,0.7050299999999999,BID16,1º PE,NÃO HÁ/HOUVE PAD,2020-02-14 00:00:00,,2027-02-14 00:00:00,,,,2027-02-14 00:00:00,1192,0,
C-M-67,48610012636201707,ExxonMobil Brasil,*ExxonMobil Brasil - 100%,Campos,MAR,0.717675,BID14,1º PE,NÃO HÁ/HOUVE PAD,2018-01-29 00:00:00,,2025-10-29 00:00:00,,,,2025-10-29 00:00:00,208,0,
C-M-709,48610005777201846,Petrobras,"*Petrobras - 40%, ExxonMobil Brasil - 40%, Equinor Brasil - 20%",Campos,MAR,0.87375,BID15,1º PE,NÃO HÁ/HOUVE PAD,2018-09-11 00:00:00,,2025-09-11 00:00:00,,,,2025-09-11 00:00:00,1253,1,1-BRSA-1378-RJS
C-M-713,48610221678201991,Shell Brasil,"*Shell Brasil - 40%, Chevron Brasil Óleo - 35%, QatarEnergy - 25%",Campos,MAR,0.70369,BID16,1º PE,NÃO HÁ/HOUVE PAD,2020-02-14 00:00:00,,2027-11-14 00:00:00,,,,2027-11-14 00:00:00,206,0,
C-M-715,48610221677201946,Petronas,*Petronas - 100%,Campos,MAR,0.70369,BID16,1º PE,NÃO HÁ/HOUVE PAD,2020-02-14 00:00:00,,2027-02-14 00:00:00,,,,2027-02-14 00:00:00,1191,0,
C-M-753,48610005778201891,ExxonMobil Brasil,"*ExxonMobil Brasil - 40%, Petrobras - 30%, QatarEnergy - 30%",Campos,MAR,0.66871,BID15,1º PE,NÃO HÁ/HOUVE PAD,2018-09-11 00:00:00,,2026-06-11 00:00:00,,,,2026-06-11 00:00:00,170,0,
C-M-755,48610005695201800,BP Energy,"*BP Energy - 60%, Equinor Brasil - 40%",Campos,MAR,0.7023400000000001,BID15,1º PE,NÃO HÁ/HOUVE PAD,2018-11-07 00:00:00,,2026-08-07 00:00:00,,,,2026-08-07 00:00:00,200,0,
C-M-757,48610204668202113,Shell Brasil,*Shell Brasil - 100%,Campos,MAR,0.7023400000000001,OP2_BE,1º PE,NÃO HÁ/HOUVE PAD,2021-06-28 00:00:00,,2028-06-28 00:00:00,,,,2028-06-28 00:00:00,165,0,
C-M-789,48610005698201835,ExxonMobil Brasil,"*ExxonMobil Brasil - 40%, Petrobras - 30%, QatarEnergy - 30%",Campos,MAR,0.66414,BID15,1º PE,NÃO HÁ/HOUVE PAD,2018-09-11 00:00:00,,2026-06-11 00:00:00,,,,2026-06-11 00:00:00,1125,2,"1-EMEB-1-RJS, 1-EMEB-1A-RJS"
C-M-791,48610005687201855,Shell Brasil,"*Shell Brasil - 40%, Chevron Brasil Óleo - 40%, Petrogal Brasil - 20%",Campos,MAR,0.70098,BID15,1º PE,NÃO HÁ/HOUVE PAD,2018-11-07 00:00:00,,2026-08-07 00:00:00,,,,2026-08-07 00:00:00,1203,2,"1-SHEL-34-RJS, 1-SHEL-34A-RJS"
C-M-793,48610005696201846,BP Energy,"*BP Energy - 60%, Equinor Brasil - 40%",Campos,MAR,0.70098,BID15,1º PE,NÃO HÁ/HOUVE PAD,2018-11-07 00:00:00,,2026-08-07 00:00:00,,,,2026-08-07 00:00:00,200,0,
C-M-821,48610005692201868,Repsol,"*Repsol - 50%, Chevron Brasil Óleo - 50%",Campos,MAR,0.6996,BID15,1º PE,NÃO HÁ/HOUVE PAD,2018-11-07 00:00:00,,2025-11-07 00:00:00,,,,2025-11-07 00:00:00,225,0,
C-M-823,48610005693201811,Repsol,"*Repsol - 50%, Chevron Brasil Óleo - 50%",Campos,MAR,0.6996,BID15,1º PE,NÃO HÁ/HOUVE PAD,2018-11-07 00:00:00,,2025-11-07 00:00:00,,,,2025-11-07 00:00:00,225,0,
C-M-825,48610221680201960,Repsol,"*Repsol - 60%, Chevron Brasil Óleo - 40%",Campos,MAR,0.6996,BID16,1º PE,NÃO HÁ/HOUVE PAD,2020-02-14 00:00:00,,2027-02-14 00:00:00,,,,2027-02-14 00:00:00,109,0,
C-M-845,48610221681201912,Chevron Brasil Óleo,"*Chevron Brasil Óleo - 50%, Repsol - 50%",Campos,MAR,0.69821,BID16,1º PE,NÃO HÁ/HOUVE PAD,2020-02-14 00:00:00,,2027-02-14 00:00:00,,,,2027-02-14 00:00:00,189,0,
ES-M-414,486100079772004,3R Petroleum Off,*3R Petroleum Off - 100%,Espírito Santo,MAR,0.026762,BID6,PRORROGADO POR PAD,HÁ/HOUVE PAD,2004-11-24 00:00:00,,2011-03-11 00:00:00,2013-03-10 00:00:00,,01/08/2023,2023-08-01 00:00:00,2213,5,"1-BRSA-1081-ESS, 1-BRSA-719-ESS, 1-BRSA-736D-ESS, 1-BRSA-983-ESS, 3-BRSA-1259-ESS"
ES-M-525,486100079792004,Petrobras,"*Petrobras - 65%, PTTEP Brasil - 20%, Inpex - 15%",Espírito Santo,MAR,0.207619,BID6,PRORROGADO POR PAD,HÁ/HOUVE PAD,2004-11-24 00:00:00,,2012-01-20 00:00:00,2013-07-24 00:00:00,,29/12/2023,2023-12-29 00:00:00,4193,9,"1-BRSA-1154D-ESS, 1-BRSA-789-ESS, 1-BRSA-926D-ESS, 1-BRSA-936D-ESS, 1-BRSA-939-ESS, 3-BRSA-1230-ESS, 3-BRSA-1253D-ESS, 4-BRSA-1298-ESS, 4-BRSA-1329-ESS"
ES-M-592,48610012647201789,CNOOC Petroleum,*CNOOC Petroleum - 100%,Espírito Santo,MAR,0.720934,BID14,1º PE,NÃO HÁ/HOUVE PAD,2018-01-29 00:00:00,,2025-01-29 00:00:00,,,,2025-01-29 00:00:00,116,0,
ES-M-596,48610005468201361,Petrobras,*Petrobras - 100%,Espírito Santo,MAR,0.72236,BID11,1º PE,NÃO HÁ/HOUVE PAD,2013-08-30 00:00:00,,2024-04-23 00:00:00,2026-04-23 00:00:00,,,2026-04-23 00:00:00,3300,3,"1-BRSA-1360-ESS, 1-BRSA-1385-ESS, 1-BRSA-1385A-ESS"
ES-M-598,48610005475201363,Petrobras,"*Petrobras - 80%, Enauta Energia - 20%",Espírito Santo,MAR,0.7223999999999999,BID11,1º PE,NÃO HÁ/HOUVE PAD,2013-08-30 00:00:00,,2024-07-22 00:00:00,2026-07-22 00:00:00,,,2026-07-22 00:00:00,1300,0,
ES-M-667,48610012646201734,Repsol,*Repsol - 100%,Espírito Santo,MAR,0.720118,BID14,1º PE,NÃO HÁ/HOUVE PAD,2018-01-29 00:00:00,,2025-01-29 00:00:00,,,,2025-01-29 00:00:00,228,0,
ES-M-669,48610005472201320,Petrobras,"*Petrobras - 40%, Equinor Brasil - 35%, TotalEnergies EP - 25%",Espírito Santo,MAR,0.721211,BID11,2º PE,HÁ/HOUVE PAD,2013-08-30 00:00:00,,2021-10-15 00:00:00,2023-10-15 00:00:00,,10/05/2025,2025-05-10 00:00:00,3300,1,1-BRSA-1379D-ESS
ES-M-671,48610005485201307,Petrobras,*Petrobras - 100%,Espírito Santo,MAR,0.721211,BID11,1º PE,NÃO HÁ/HOUVE PAD,2013-08-30 00:00:00,,2024-07-22 00:00:00,2026-07-22 00:00:00,,,2026-07-22 00:00:00,1300,0,
ES-M-673,48610005474201319,Petrobras,"*Petrobras - 80%, Enauta Energia - 20%",Espírito Santo,MAR,0.721211,BID11,1º PE,NÃO HÁ/HOUVE PAD,2013-08-30 00:00:00,,2024-07-22 00:00:00,2026-07-22 00:00:00,,,2026-07-22 00:00:00,420,0,
ES-M-743,48610005459201371,Petrobras,*Petrobras - 100%,Espírito Santo,MAR,0.720047,BID11,1º PE,NÃO HÁ/HOUVE PAD,2013-08-30 00:00:00,,2024-07-22 00:00:00,2026-07-22 00:00:00,,,2026-07-22 00:00:00,2300,0,
ES-T-305,48610204669202150,Imetame,"*Imetame - 50%, Energy Paranã - 50%",Espírito Santo,TERRA,0.02029,OP2_BE,1º PE,NÃO HÁ/HOUVE PAD,2021-06-28 00:00:00,,2027-12-28 00:00:00,,,,2027-12-28 00:00:00,133,0,
ES-T-345,48610012630201721,BGM,*BGM - 100%,Espírito Santo,TERRA,0.025872,BID14,1º PE,NÃO HÁ/HOUVE PAD,2018-01-29 00:00:00,,2025-04-29 00:00:00,,,,2025-04-29 00:00:00,178,0,
ES-T-354,48610012627201716,Imetame,"*Imetame - 50%, Energy Paranã - 50%",Espírito Santo,TERRA,0.030640999999999998,BID14,1º PE,NÃO HÁ/HOUVE PAD,2018-01-29 00:00:00,,2025-04-29 00:00:00,,,,2025-04-29 00:00:00,211,0,
ES-T-373,48610012638201798,Imetame,"*Imetame - 50%, Energy Paranã - 50%",Espírito Santo,TERRA,0.020499,BID14,1º PE,NÃO HÁ/HOUVE PAD,2018-01-29 00:00:00,,2025-04-29 00:00:00,,,,2025-04-29 00:00:00,141,0,
ES-T-409,48610204670202184,Imetame,"*Imetame - 50%, Energy Paranã - 50%",Espírito Santo,TERRA,0.015449999999999998,OP2_BE,1º PE,NÃO HÁ/HOUVE PAD,2021-06-28 00:00:00,,2027-12-28 00:00:00,,,,2027-12-28 00:00:00,101,0,
ES-T-429,48610204671202129,Imetame,"*Imetame - 50%, Energy Paranã - 50%",Espírito Santo,TERRA,0.02188,OP2_BE,1º PE,NÃO HÁ/HOUVE PAD,2021-06-28 00:00:00,,2027-12-28 00:00:00,,,,2027-12-28 00:00:00,143,0,
ES-T-441,48610012631201776,Capixaba Energia,*Capixaba Energia - 100%,Espírito Santo,TERRA,0.029418,BID14,1º PE,HÁ/HOUVE PAD,2018-01-29 00:00:00,,2025-04-29 00:00:00,,,29/11/2022,2025-04-29 00:00:00,1000,1,1-IMET-28-ES
ES-T-453,48610012644201745,Vipetro,*Vipetro - 100%,Espírito Santo,TERRA,0.030375,BID14,1º PE,NÃO HÁ/HOUVE PAD,2018-01-29 00:00:00,,2023-10-29 00:00:00,,,,2023-10-29 00:00:00,546,0,
ES-T-466,48610204672202173,Imetame,"*Imetame - 50%, Energy Paranã - 50%",Espírito Santo,TERRA,0.02208,OP2_BE,1º PE,NÃO HÁ/HOUVE PAD,2021-06-28 00:00:00,,2027-12-28 00:00:00,,,,2027-12-28 00:00:00,144,0,
ES-T-477,48610012626201763,Imetame,"*Imetame - 50%, Energy Paranã - 50%",Espírito Santo,TERRA,0.031934000000000004,BID14,1º PE,NÃO HÁ/HOUVE PAD,2018-01-29 00:00:00,,2025-04-29 00:00:00,,,,2025-04-29 00:00:00,220,0,
ES-T-486A,48610204673202118,Imetame,"*Imetame - 50%, Energy Paranã - 50%",Espírito Santo,TERRA,0.01045,OP2_BE,1º PE,NÃO HÁ/HOUVE PAD,2021-06-28 00:00:00,,2027-12-28 00:00:00,,,,2027-12-28 00:00:00,68,0,
ES-T-487,48610012641201710,Capixaba Energia,*Capixaba Energia - 100%,Espírito Santo,TERRA,0.030526,BID14,1º PE,HÁ/HOUVE PAD,2018-01-29 00:00:00,,2025-04-29 00:00:00,,,30/09/2023,2025-04-29 00:00:00,1000,1,1-IMET-27-ES
ES-T-496,48610005457201381,BGM,"*BGM - 55%, Campo Petróleo - 45%",Espírito Santo,TERRA,0.013937,BID11,2º PE,HÁ/HOUVE PAD,2013-08-30 00:00:00,,2022-07-10 00:00:00,2024-07-10 00:00:00,,01/05/2023,2024-07-10 00:00:00,2000,4,"1-BGM-4-ES, 1-BGM-5-ES, 1-BN-3-ES, 1-CSA-1-ES"
ES-T-506,48610005466201372,BGM,"*BGM - 55%, Campo Petróleo - 45%",Espírito Santo,TERRA,0.030296,BID11,1º PE,NÃO HÁ/HOUVE PAD,2013-08-30 00:00:00,,2024-09-06 00:00:00,2026-09-06 00:00:00,,,2026-09-06 00:00:00,3000,4,"1-BGM-6-ES, 1-BGM-7-ES, 1-BGM-8-ES, 1-FM-1-ES"
ES-T-516,48610005456201337,BGM,"*BGM - 55%, Campo Petróleo - 45%",Espírito Santo,TERRA,0.030288,BID11,1º PE,NÃO HÁ/HOUVE PAD,2013-08-30 00:00:00,,2024-09-06 00:00:00,2026-09-06 00:00:00,,,2026-09-06 00:00:00,3000,2,"1-FSU-1-ES, 1-FSU-1A-ES"
ES-T-517,48610204674202162,Imetame,"*Imetame - 50%, Energy Paranã - 50%",Espírito Santo,TERRA,0.02755,OP2_BE,1º PE,NÃO HÁ/HOUVE PAD,2021-06-28 00:00:00,,2027-12-28 00:00:00,,,,2027-12-28 00:00:00,180,0,
ES-T-527,48610204675202115,Imetame,"*Imetame - 50%, Energy Paranã - 50%",Espírito Santo,TERRA,0.02993,OP2_BE,1º PE,NÃO HÁ/HOUVE PAD,2021-06-28 00:00:00,,2027-12-28 00:00:00,,,,2027-12-28 00:00:00,196,0,
ES-T-528,48610215430202296,Imetame,"*Imetame - 30%, Seacrest - 50%, Energy Paranã - 20%",Espírito Santo,TERRA,0.020640000000000002,OP3_BE,1º PE,NÃO HÁ/HOUVE PAD,2022-11-09 00:00:00,,2027-11-09 00:00:00,,,,2027-11-09 00:00:00,134,0,
FZA-M-125,48610005518201319,Petrobras,*Petrobras - 100%,Foz do Amazonas,MAR,0.766606,BID11,1º PE,NÃO HÁ/HOUVE PAD,2013-08-06 00:00:00,,2026-01-17 00:00:00,2029-01-17 00:00:00,,,2029-01-17 00:00:00,300,0,
FZA-M-127,48610005504201397,Petrobras,*Petrobras - 100%,Foz do Amazonas,MAR,0.766606,BID11,1º PE,NÃO HÁ/HOUVE PAD,2013-08-06 00:00:00,,2026-01-17 00:00:00,2029-01-17 00:00:00,,,2029-01-17 00:00:00,2100,0,
FZA-M-254,48610005487201398,Petro Rio Coral,*Petro Rio Coral - 100%,Foz do Amazonas,MAR,0.191769,BID11,1º PE,NÃO HÁ/HOUVE PAD,2013-09-17 00:00:00,,2024-03-21 00:00:00,2027-03-21 00:00:00,,,2027-03-21 00:00:00,123,0,
FZA-M-539,48610005489201387,Petro Rio Coral,*Petro Rio Coral - 100%,Foz do Amazonas,MAR,0.191994,BID11,1º PE,NÃO HÁ/HOUVE PAD,2013-09-17 00:00:00,,2024-03-21 00:00:00,2027-03-21 00:00:00,,,2027-03-21 00:00:00,123,0,
FZA-M-57,48610005500201317,Petrobras,*Petrobras - 100%,Foz do Amazonas,MAR,0.7660220000000001,BID11,1º PE,NÃO HÁ/HOUVE PAD,2013-08-06 00:00:00,,2026-01-17 00:00:00,2029-01-17 00:00:00,,,2029-01-17 00:00:00,4300,0,
FZA-M-59,48610005507201321,Petrobras,*Petrobras - 100%,Foz do Amazonas,MAR,0.7660220000000001,BID11,1º PE,NÃO HÁ/HOUVE PAD,2013-08-06 00:00:00,,2024-08-28 00:00:00,2027-08-28 00:00:00,,,2027-08-28 00:00:00,2300,0,
FZA-M-86,48610005510201344,Petrobras,*Petrobras - 100%,Foz do Amazonas,MAR,0.766321,BID11,1º PE,NÃO HÁ/HOUVE PAD,2013-08-06 00:00:00,,2026-01-17 00:00:00,2029-01-17 00:00:00,,,2029-01-17 00:00:00,300,0,
FZA-M-88,48610005505201331,Petrobras,*Petrobras - 100%,Foz do Amazonas,MAR,0.766321,BID11,1º PE,NÃO HÁ/HOUVE PAD,2013-08-06 00:00:00,,2026-01-17 00:00:00,2029-01-17 00:00:00,,,2029-01-17 00:00:00,3300,0,
FZA-M-90,48610005428201310,Enauta Energia,*Enauta Energia - 100%,Foz do Amazonas,MAR,0.766321,BID11,SUSPENSO,NÃO HÁ/HOUVE PAD,2013-08-30 00:00:00,2019-06-27 00:00:00,2019-08-24 00:00:00,2022-08-24 00:00:00,,,2022-08-24 00:00:00,1306,0,
LIBRA,48610011150201310,Petrobras,"*Petrobras - 40%, Shell Brasil - 20%, TotalEnergies EP - 20%, CNODC Brasil - 10%, CNOOC Petroleum - 10%",Santos,MAR,0.415225,PP1,PRORROGADO POR PAD,HÁ/HOUVE PAD,2013-12-02 00:00:00,,2020-03-01 00:00:00,,,28/11/2025,2025-11-28 00:00:00,0,25,"3-BRSA-1255-RJS, 3-BRSA-1255i-RJS, 3-BRSA-1267-RJS, 3-BRSA-1267A-RJS, 3-BRSA-1267i-RJS, 3-BRSA-1305-RJS, 3-BRSA-1305A-RJS, 3-BRSA-1310-RJS, 3-BRSA-1322-RJS, 3-BRSA-1339-RJS, 3-BRSA-1339A-RJS, 3-BRSA-1342-RJS, 3-BRSA-1342A-RJS, 3-BRSA-1342i-RJS, 3-BRSA-1343-RJS, 3-BRSA-1345-RJS, 3-BRSA-1350-RJS, 3-BRSA-1353D-RJS, 3-BRSA-1355D-RJS, 3-BRSA-1356D-RJS, 4-BRSA-1346-RJS, 9-MRO-1-RJS, 9-MRO-2-RJS, 9-MRO-2A-RJS, 9-MRO-5-RJS"
PAMA-M-192,486100079892004,Petrobras,"*Petrobras - 80%, Sinopec - 20%",Pará - Maranhão,MAR,0.769227,BID6,SUSPENSO,NÃO HÁ/HOUVE PAD,2004-11-24 00:00:00,2014-06-09 00:00:00,2010-11-24 00:00:00,2014-09-24 00:00:00,,,2014-09-24 00:00:00,8,0,
PAMA-M-194,486100079892004,Petrobras,"*Petrobras - 80%, Sinopec - 20%",Pará - Maranhão,MAR,0.769227,BID6,SUSPENSO,NÃO HÁ/HOUVE PAD,2004-11-24 00:00:00,2014-06-09 00:00:00,2010-11-24 00:00:00,2014-09-24 00:00:00,,,2014-09-24 00:00:00,8,0,
PAMA-M-265,48610005473201374,Enauta Energia,*Enauta Energia - 100%,Pará - Maranhão,MAR,0.76927004,BID11,SUSPENSO,NÃO HÁ/HOUVE PAD,2013-08-30 00:00:00,2019-06-27 00:00:00,2021-04-28 00:00:00,2024-04-28 00:00:00,,,2024-04-28 00:00:00,282,0,
PAMA-M-337,48610005469201314,Enauta Energia,*Enauta Energia - 100%,Pará - Maranhão,MAR,0.76929855,BID11,SUSPENSO,NÃO HÁ/HOUVE PAD,2013-08-30 00:00:00,2019-06-27 00:00:00,2021-04-28 00:00:00,2024-04-28 00:00:00,,,2024-04-28 00:00:00,1282,0,
PAR-T-175,48610012654201781,Petrobras,*Petrobras - 100%,Paraná,TERRA,2.87308,BID14,1º PE,NÃO HÁ/HOUVE PAD,2018-01-29 00:00:00,,2024-01-29 00:00:00,,,,2024-01-29 00:00:00,1000,0,
PAR-T-196,48610204676202151,Eneva,"*Eneva - 70%, Enauta Energia - 30%",Paraná,TERRA,2.86345,OP2_BE,1º PE,NÃO HÁ/HOUVE PAD,2021-06-28 00:00:00,,2027-06-28 00:00:00,,,,2027-06-28 00:00:00,1872,0,
PAR-T-198,48610000077201431,Ubuntu Engenharia,*Ubuntu Engenharia - 100%,Paraná,TERRA,1.400702,BID12,1º PE,NÃO HÁ/HOUVE PAD,2014-05-15 00:00:00,,2024-08-03 00:00:00,2026-08-03 00:00:00,,,2026-08-03 00:00:00,2955,0,
PAR-T-215,48610204677202104,Eneva,"*Eneva - 70%, Enauta Energia - 30%",Paraná,TERRA,2.8535999999999997,OP2_BE,1º PE,NÃO HÁ/HOUVE PAD,2021-06-28 00:00:00,,2027-06-28 00:00:00,,,,2027-06-28 00:00:00,1866,0,
PAR-T-218,48610000081201408,Ubuntu Engenharia,*Ubuntu Engenharia - 100%,Paraná,TERRA,1.1187909999999999,BID12,1º PE,NÃO HÁ/HOUVE PAD,2014-05-15 00:00:00,,2024-08-03 00:00:00,2026-08-03 00:00:00,,,2026-08-03 00:00:00,1970,0,
PAR-T-86,48610204678202141,Eneva,"*Eneva - 70%, Enauta Energia - 30%",Paraná,TERRA,2.91798,OP2_BE,1º PE,NÃO HÁ/HOUVE PAD,2021-06-28 00:00:00,,2027-06-28 00:00:00,,,,2027-06-28 00:00:00,1908,0,
PAR-T-99,48610204679202195,Eneva,"*Eneva - 70%, Enauta Energia - 30%",Paraná,TERRA,2.90944,OP2_BE,1º PE,NÃO HÁ/HOUVE PAD,2021-06-28 00:00:00,,2027-06-28 00:00:00,,,,2027-06-28 00:00:00,1902,0,
PAU_BRASIL,48610011229201855,BP Energy,"*BP Energy - 50%, CNOOC Petroleum - 30%, Ecopetrol Óleo e Gás - 20%",Santos,MAR,1.183676,PP5,1º PE,NÃO HÁ/HOUVE PAD,2018-12-17 00:00:00,,2025-12-17 00:00:00,,,,2025-12-17 00:00:00,0,0,
PN-T-102A,48610222046201944,Eneva,*Eneva - 100%,Parnaíba,TERRA,2.059891,OP1_BE,1º PE,NÃO HÁ/HOUVE PAD,2020-02-14 00:00:00,,2028-05-14 00:00:00,,,,2028-05-14 00:00:00,1121,7,"1-ENV-15-MA, 1-ENV-26-MA, 3-ENV-17D-MA, 3-ENV-32D-MA, 3-ENV-34-MA, 3-ENV-37D-MA, 3-ENV-38-MA"
PN-T-103,48610010793201516,Eneva,*Eneva - 100%,Parnaíba,TERRA,3.0621869999999998,BID13,2º PE,NÃO HÁ/HOUVE PAD,2015-12-23 00:00:00,,2019-12-23 00:00:00,2024-03-23 00:00:00,,,2024-03-23 00:00:00,7003,5,"1-ENV-1-MA, 1-ENV-2-MA, 1-ENV-30D-MA, 1-PGN-28-MA, 4-ENV-14-MA"
PN-T-117,48610012620201796,Eneva,*Eneva - 100%,Parnaíba,TERRA,2.10341,BID14,1º PE,NÃO HÁ/HOUVE PAD,2018-01-31 00:00:00,,2026-05-01 00:00:00,,,,2026-05-01 00:00:00,400,0,
PN-T-118,48610012619201761,Eneva,*Eneva - 100%,Parnaíba,TERRA,3.0583899999999997,BID14,1º PE,NÃO HÁ/HOUVE PAD,2018-01-31 00:00:00,,2026-05-01 00:00:00,,,,2026-05-01 00:00:00,600,0,
PN-T-119,48610012655201725,Eneva,*Eneva - 100%,Parnaíba,TERRA,3.05945,BID14,1º PE,NÃO HÁ/HOUVE PAD,2018-01-31 00:00:00,,2024-10-31 00:00:00,,,,2024-10-31 00:00:00,600,0,
PN-T-133,48610012621201731,Eneva,*Eneva - 100%,Parnaíba,TERRA,2.2285,BID14,1º PE,NÃO HÁ/HOUVE PAD,2018-01-31 00:00:00,,2026-05-01 00:00:00,,,,2026-05-01 00:00:00,500,1,1-ENV-24D-MA
PN-T-134,48610012653201736,Eneva,*Eneva - 100%,Parnaíba,TERRA,3.05892,BID14,1º PE,NÃO HÁ/HOUVE PAD,2018-01-31 00:00:00,,2026-05-01 00:00:00,,,,2026-05-01 00:00:00,600,1,1-ENV-19-MA
PN-T-146,48610010799201585,Eneva,*Eneva - 100%,Parnaíba,TERRA,3.0533069999999998,BID13,2º PE,NÃO HÁ/HOUVE PAD,2015-12-23 00:00:00,,2019-12-23 00:00:00,2024-03-23 00:00:00,,,2024-03-23 00:00:00,1010,1,1-ENV-22-MA
PN-T-149,48610010800201571,Vipetro,*Vipetro - 100%,Parnaíba,TERRA,2.2199,BID13,2º PE,NÃO HÁ/HOUVE PAD,2015-12-23 00:00:00,,2019-12-23 00:00:00,2024-03-23 00:00:00,,,2024-03-23 00:00:00,818,0,
PN-T-163,48610010802201561,Eneva,*Eneva - 100%,Parnaíba,TERRA,3.049893,BID13,2º PE,NÃO HÁ/HOUVE PAD,2015-12-23 00:00:00,,2019-12-23 00:00:00,2024-03-23 00:00:00,,,2024-03-23 00:00:00,1010,1,1-ENV-23-MA
PN-T-47,48610222047201999,Eneva,*Eneva - 100%,Parnaíba,TERRA,3.0677600000000003,OP1_BE,1º PE,NÃO HÁ/HOUVE PAD,2020-02-14 00:00:00,,2028-05-14 00:00:00,,,,2028-05-14 00:00:00,1897,1,1-ENV-21-MA
PN-T-48,48610001414200860,Eneva,*Eneva - 100%,Parnaíba,TERRA,1.05718,BID9,PRORROGADO POR PAD,HÁ/HOUVE PAD,2008-03-12 00:00:00,,2012-03-12 00:00:00,2014-06-08 00:00:00,,30/12/2023,2023-12-30 00:00:00,100,8,"1-OGX-115-MA, 1-PGN-1-MA, 3-ENV-11D-MA, 3-ENV-12D-MA, 3-ENV-20-MA, 4-ENV-10-MA, 4-ENV-6-MA, 4-PGN-26D-MA"
PN-T-48A,48610222048201933,Eneva,*Eneva - 100%,Parnaíba,TERRA,1.6125699999999998,OP1_BE,1º PE,NÃO HÁ/HOUVE PAD,2020-02-14 00:00:00,,2026-11-14 00:00:00,,,,2026-11-14 00:00:00,1448,0,
PN-T-66,48610222049201988,Eneva,*Eneva - 100%,Parnaíba,TERRA,3.06633,OP1_BE,1º PE,NÃO HÁ/HOUVE PAD,2020-02-14 00:00:00,,2026-11-14 00:00:00,,,,2026-11-14 00:00:00,2673,0,
PN-T-67A,48610222050201911,Eneva,*Eneva - 100%,Parnaíba,TERRA,1.44028,OP1_BE,1º PE,NÃO HÁ/HOUVE PAD,2020-02-14 00:00:00,,2028-05-14 00:00:00,,,,2028-05-14 00:00:00,336,3,"1-ENV-16D-MA, 1-ENV-16DA-MA, 1-ENV-36-MA"
PN-T-68,48610222051201957,Eneva,*Eneva - 100%,Parnaíba,TERRA,2.49459,OP1_BE,1º PE,NÃO HÁ/HOUVE PAD,2020-02-14 00:00:00,,2026-11-14 00:00:00,,,,2026-11-14 00:00:00,1336,1,1-ENV-13-MA
PN-T-69,48610010795201505,Eneva,*Eneva - 100%,Parnaíba,TERRA,3.066971,BID13,2º PE,NÃO HÁ/HOUVE PAD,2015-12-23 00:00:00,,2019-12-23 00:00:00,2024-03-23 00:00:00,,,2024-03-23 00:00:00,3010,5,"1-ENV-18-MA, 1-ENV-4-MA, 1-ENV-7-MA, 1-ENV-7A-MA, 3-ENV-28D-MA"
PN-T-87,48610010797201596,Eneva,*Eneva - 100%,Parnaíba,TERRA,3.067113,BID13,2º PE,NÃO HÁ/HOUVE PAD,2015-12-23 00:00:00,,2019-12-23 00:00:00,2024-03-23 00:00:00,,,2024-03-23 00:00:00,3010,2,"1-ENV-29-MA, 1-ENV-3-MA"
POT-M-762,48610005779201835,Petrobras,*Petrobras - 100%,Potiguar,MAR,0.7685599999999999,BID15,1º PE,NÃO HÁ/HOUVE PAD,2018-09-11 00:00:00,,2027-12-11 00:00:00,,,,2027-12-11 00:00:00,110,0,
POT-M-853,48610009149200515,Petrobras,*Petrobras - 100%,Potiguar,MAR,0.7671399999999999,BID7,PRORROGADO POR PAD,HÁ/HOUVE PAD,2006-01-12 00:00:00,,2012-01-12 00:00:00,2014-01-12 00:00:00,,14/11/2024,2024-11-14 00:00:00,130,0,
POT-M-855,48610009149200515,Petrobras,*Petrobras - 100%,Potiguar,MAR,0.7671399999999999,BID7,PRORROGADO POR PAD,HÁ/HOUVE PAD,2006-01-12 00:00:00,,2012-01-12 00:00:00,2014-01-12 00:00:00,,14/11/2024,2024-11-14 00:00:00,146,2,"1-BRSA-1205-RNS, 3-BRSA-1317-RNS"
POT-M-857,48610005780201860,Murphy Brasil,*Murphy Brasil - 100%,Potiguar,MAR,1.21496,BID15,1º PE,NÃO HÁ/HOUVE PAD,2018-11-07 00:00:00,,2026-08-07 00:00:00,,,,2026-08-07 00:00:00,294,0,
POT-M-859,48610005770201824,Petrobras,"*Petrobras - 60%, Shell Brasil - 40%",Potiguar,MAR,1.05474,BID15,1º PE,NÃO HÁ/HOUVE PAD,2018-09-11 00:00:00,,2026-06-11 00:00:00,,,,2026-06-11 00:00:00,229,0,
POT-M-863,48610005699201880,Murphy Brasil,*Murphy Brasil - 100%,Potiguar,MAR,1.15061,BID15,1º PE,NÃO HÁ/HOUVE PAD,2018-11-07 00:00:00,,2026-08-07 00:00:00,,,,2026-08-07 00:00:00,265,0,
POT-M-865,48610005697201891,Murphy Brasil,*Murphy Brasil - 100%,Potiguar,MAR,0.76713,BID15,1º PE,NÃO HÁ/HOUVE PAD,2018-11-07 00:00:00,,2026-08-07 00:00:00,,,,2026-08-07 00:00:00,218,0,
POT-M-948,48610005781201812,Shell Brasil,*Shell Brasil - 100%,Potiguar,MAR,0.25566,BID15,1º PE,NÃO HÁ/HOUVE PAD,2018-09-11 00:00:00,,2026-06-11 00:00:00,,,,2026-06-11 00:00:00,74,0,
POT-M-952,48610005771201879,Petrobras,"*Petrobras - 60%, Shell Brasil - 40%",Potiguar,MAR,0.6054700000000001,BID15,1º PE,NÃO HÁ/HOUVE PAD,2018-09-11 00:00:00,,2026-06-11 00:00:00,,,,2026-06-11 00:00:00,176,0,
POT-T-281,48610215434202274,Petro-Victory,*Petro-Victory - 100%,Potiguar,TERRA,0.017070000000000002,OP3_BE,1º PE,NÃO HÁ/HOUVE PAD,2022-11-21 00:00:00,,2027-11-21 00:00:00,,,,2027-11-21 00:00:00,111,0,
POT-T-304,48610215435202219,Petro-Victory,*Petro-Victory - 100%,Potiguar,TERRA,0.0291,OP3_BE,1º PE,NÃO HÁ/HOUVE PAD,2022-11-21 00:00:00,,2027-11-21 00:00:00,,,,2027-11-21 00:00:00,189,0,
POT-T-326,48610215436202263,3R Areia,*3R Areia - 100%,Potiguar,TERRA,0.03193,OP3_BE,1º PE,NÃO HÁ/HOUVE PAD,2022-11-28 00:00:00,,2027-11-28 00:00:00,,,,2027-11-28 00:00:00,208,0,
POT-T-327,48610215437202216,Petro-Victory,*Petro-Victory - 100%,Potiguar,TERRA,0.02509,OP3_BE,1º PE,NÃO HÁ/HOUVE PAD,2022-11-21 00:00:00,,2027-11-21 00:00:00,,,,2027-11-21 00:00:00,163,0,
POT-T-352,48610215431202231,Petro-Victory,*Petro-Victory - 100%,Potiguar,TERRA,0.02145,OP3_BE,1º PE,NÃO HÁ/HOUVE PAD,2022-11-21 00:00:00,,2027-11-21 00:00:00,,,,2027-11-21 00:00:00,139,0,
POT-T-353,48610215438202252,3R Areia,*3R Areia - 100%,Potiguar,TERRA,0.03193,OP3_BE,1º PE,NÃO HÁ/HOUVE PAD,2022-11-28 00:00:00,,2027-11-28 00:00:00,,,,2027-11-28 00:00:00,208,0,
POT-T-354,48610215439202205,Petro-Victory,*Petro-Victory - 100%,Potiguar,TERRA,0.03193,OP3_BE,1º PE,NÃO HÁ/HOUVE PAD,2022-11-21 00:00:00,,2027-11-21 00:00:00,,,,2027-11-21 00:00:00,208,0,
POT-T-355,48610215440202221,Petro-Victory,*Petro-Victory - 100%,Potiguar,TERRA,0.03181,OP3_BE,1º PE,NÃO HÁ/HOUVE PAD,2022-11-21 00:00:00,,2027-11-21 00:00:00,,,,2027-11-21 00:00:00,207,0,
POT-T-391,48610215432202285,Petro-Victory,*Petro-Victory - 100%,Potiguar,TERRA,0.018969999999999997,OP3_BE,1º PE,NÃO HÁ/HOUVE PAD,2022-11-21 00:00:00,,2027-11-21 00:00:00,,,,2027-11-21 00:00:00,123,0,
POT-T-392,48610222052201900,Petro-Victory,*Petro-Victory - 100%,Potiguar,TERRA,0.032100000000000004,OP1_BE,1º PE,NÃO HÁ/HOUVE PAD,2021-09-27 00:00:00,,2026-09-27 00:00:00,,,,2026-09-27 00:00:00,228,0,
POT-T-393,48610215441202276,Petro-Victory,*Petro-Victory - 100%,Potiguar,TERRA,0.03193,OP3_BE,1º PE,NÃO HÁ/HOUVE PAD,2022-11-21 00:00:00,,2027-11-21 00:00:00,,,,2027-11-21 00:00:00,208,0,
POT-T-432,48610222053201946,Petro-Victory,*Petro-Victory - 100%,Potiguar,TERRA,0.02932,OP1_BE,1º PE,NÃO HÁ/HOUVE PAD,2021-06-01 00:00:00,,2026-06-01 00:00:00,,,,2026-06-01 00:00:00,207,0,
POT-T-433,48610222054201991,Petro-Victory,*Petro-Victory - 100%,Potiguar,TERRA,0.03175,OP1_BE,1º PE,NÃO HÁ/HOUVE PAD,2021-09-27 00:00:00,,2026-09-27 00:00:00,,,,2026-09-27 00:00:00,224,0,
POT-T-434,48610222055201935,Petro-Victory,*Petro-Victory - 100%,Potiguar,TERRA,0.03193,OP1_BE,1º PE,NÃO HÁ/HOUVE PAD,2021-06-01 00:00:00,,2026-06-01 00:00:00,,,,2026-06-01 00:00:00,226,0,
POT-T-435,48610215442202211,Petro-Victory,*Petro-Victory - 100%,Potiguar,TERRA,0.03764,OP3_BE,1º PE,NÃO HÁ/HOUVE PAD,2022-11-21 00:00:00,,2027-11-21 00:00:00,,,,2027-11-21 00:00:00,245,0,
POT-T-436,48610215443202265,Petro-Victory,*Petro-Victory - 100%,Potiguar,TERRA,0.019760000000000003,OP3_BE,1º PE,NÃO HÁ/HOUVE PAD,2022-11-21 00:00:00,,2027-11-21 00:00:00,,,,2027-11-21 00:00:00,128,0,
POT-T-437,48610215444202218,3R Areia,*3R Areia - 100%,Potiguar,TERRA,0.039520000000000007,OP3_BE,1º PE,NÃO HÁ/HOUVE PAD,2022-11-28 00:00:00,,2027-11-28 00:00:00,,,,2027-11-28 00:00:00,400,0,
POT-T-474,48610215433202220,Petro-Victory,*Petro-Victory - 100%,Potiguar,TERRA,0.0308,OP3_BE,1º PE,NÃO HÁ/HOUVE PAD,2022-11-21 00:00:00,,2027-11-21 00:00:00,,,,2027-11-21 00:00:00,200,0,
POT-T-476,48610222056201980,Petro-Victory,*Petro-Victory - 100%,Potiguar,TERRA,0.04184,OP1_BE,1º PE,NÃO HÁ/HOUVE PAD,2021-09-27 00:00:00,,2026-09-27 00:00:00,,,,2026-09-27 00:00:00,297,0,
POT-T-477,48610222057201924,Petro-Victory,*Petro-Victory - 100%,Potiguar,TERRA,0.031920000000000004,OP1_BE,1º PE,NÃO HÁ/HOUVE PAD,2021-06-01 00:00:00,,2026-06-01 00:00:00,,,,2026-06-01 00:00:00,226,0,
POT-T-478,48610222058201979,Petro-Victory,*Petro-Victory - 100%,Potiguar,TERRA,0.01425,OP1_BE,1º PE,NÃO HÁ/HOUVE PAD,2021-09-27 00:00:00,,2026-09-27 00:00:00,,,,2026-09-27 00:00:00,100,0,
POT-T-519,48610222059201913,Petro-Victory,*Petro-Victory - 100%,Potiguar,TERRA,0.02831,OP1_BE,1º PE,NÃO HÁ/HOUVE PAD,2021-03-01 00:00:00,,2026-03-01 00:00:00,,,,2026-03-01 00:00:00,213,0,
POT-T-520,48610215445202254,Petro-Victory,*Petro-Victory - 100%,Potiguar,TERRA,0.01711,OP3_BE,1º PE,NÃO HÁ/HOUVE PAD,2022-11-21 00:00:00,,2027-11-21 00:00:00,,,,2027-11-21 00:00:00,111,0,
POT-T-521,48610222060201948,Petro-Victory,*Petro-Victory - 100%,Potiguar,TERRA,0.02268,OP1_BE,1º PE,NÃO HÁ/HOUVE PAD,2021-03-01 00:00:00,,2026-03-01 00:00:00,,,,2026-03-01 00:00:00,169,0,
POT-T-524,48610215453202209,3R Areia,*3R Areia - 100%,Potiguar,TERRA,0.0318,OP3_BE,1º PE,NÃO HÁ/HOUVE PAD,2022-11-28 00:00:00,,2027-11-28 00:00:00,,,,2027-11-28 00:00:00,207,0,
POT-T-525,48610215454202245,3R Areia,*3R Areia - 100%,Potiguar,TERRA,0.04392,OP3_BE,1º PE,NÃO HÁ/HOUVE PAD,2022-11-28 00:00:00,,2027-11-28 00:00:00,,,,2027-11-28 00:00:00,285,0,
POT-T-564,48610222061201992,Petro-Victory,*Petro-Victory - 100%,Potiguar,TERRA,0.032170000000000004,OP1_BE,1º PE,NÃO HÁ/HOUVE PAD,2021-03-01 00:00:00,,2026-03-01 00:00:00,,,,2026-03-01 00:00:00,242,0,
POT-T-565,48610222062201937,Phoenix Óleo & Gás,*Phoenix Óleo & Gás - 100%,Potiguar,TERRA,0.01459,OP1_BE,1º PE,NÃO HÁ/HOUVE PAD,2020-02-28 00:00:00,,2025-02-28 00:00:00,,,,2025-02-28 00:00:00,1000,1,1-PHO-1-RN
POT-T-566,48610222063201981,Petro-Victory,*Petro-Victory - 100%,Potiguar,TERRA,0.02407,OP1_BE,1º PE,NÃO HÁ/HOUVE PAD,2021-03-01 00:00:00,,2026-03-01 00:00:00,,,,2026-03-01 00:00:00,180,0,
POT-T-568,48610215455202290,3R Areia,*3R Areia - 100%,Potiguar,TERRA,0.03207,OP3_BE,1º PE,NÃO HÁ/HOUVE PAD,2022-11-28 00:00:00,,2027-11-28 00:00:00,,,,2027-11-28 00:00:00,208,0,
POT-T-605,48610215446202207,Petro-Victory,*Petro-Victory - 100%,Potiguar,TERRA,0.0237,OP3_BE,1º PE,NÃO HÁ/HOUVE PAD,2022-11-21 00:00:00,,2027-11-21 00:00:00,,,,2027-11-21 00:00:00,154,0,
POT-T-606,48610222064201926,Petro-Victory,*Petro-Victory - 100%,Potiguar,TERRA,0.03201,OP1_BE,1º PE,NÃO HÁ/HOUVE PAD,2021-09-27 00:00:00,,2026-09-27 00:00:00,,,,2026-09-27 00:00:00,240,0,
POT-T-608,48610215447202243,Petro-Victory,*Petro-Victory - 100%,Potiguar,TERRA,0.031920000000000004,OP3_BE,1º PE,NÃO HÁ/HOUVE PAD,2022-11-21 00:00:00,,2027-11-21 00:00:00,,,,2027-11-21 00:00:00,207,0,
POT-T-609,48610215448202298,Petro-Victory,*Petro-Victory - 100%,Potiguar,TERRA,0.02204,OP3_BE,1º PE,NÃO HÁ/HOUVE PAD,2022-11-21 00:00:00,,2027-11-21 00:00:00,,,,2027-11-21 00:00:00,143,0,
POT-T-610,48610222065201971,Phoenix Óleo & Gás,*Phoenix Óleo & Gás - 100%,Potiguar,TERRA,0.02919,OP1_BE,1º PE,NÃO HÁ/HOUVE PAD,2020-02-28 00:00:00,,2025-02-28 00:00:00,,,,2025-02-28 00:00:00,219,0,
POT-T-650,48610222066201915,Petro-Victory,*Petro-Victory - 100%,Potiguar,TERRA,0.031920000000000004,OP1_BE,1º PE,NÃO HÁ/HOUVE PAD,2021-03-01 00:00:00,,2026-03-01 00:00:00,,,,2026-03-01 00:00:00,240,0,
POT-T-651,48610222067201960,Petro-Victory,*Petro-Victory - 100%,Potiguar,TERRA,0.031920000000000004,OP1_BE,1º PE,NÃO HÁ/HOUVE PAD,2021-09-27 00:00:00,,2026-09-27 00:00:00,,,,2026-09-27 00:00:00,240,0,
POT-T-652,48610222068201912,Petro-Victory,*Petro-Victory - 100%,Potiguar,TERRA,0.031920000000000004,OP1_BE,1º PE,NÃO HÁ/HOUVE PAD,2021-09-27 00:00:00,,2026-09-27 00:00:00,,,,2026-09-27 00:00:00,240,0,
POT-T-654,48610215449202232,Petro-Victory,*Petro-Victory - 100%,Potiguar,TERRA,0.03218,OP3_BE,1º PE,NÃO HÁ/HOUVE PAD,2022-11-21 00:00:00,,2027-11-21 00:00:00,,,,2027-11-21 00:00:00,209,0,
POT-T-655,48610215450202267,Petro-Victory,*Petro-Victory - 100%,Potiguar,TERRA,0.031920000000000004,OP3_BE,1º PE,NÃO HÁ/HOUVE PAD,2022-11-21 00:00:00,,2027-11-21 00:00:00,,,,2027-11-21 00:00:00,207,0,
POT-T-696,48610215451202210,Petro-Victory,*Petro-Victory - 100%,Potiguar,TERRA,0.03198,OP3_BE,1º PE,NÃO HÁ/HOUVE PAD,2022-11-21 00:00:00,,2027-11-21 00:00:00,,,,2027-11-21 00:00:00,208,0,
POT-T-697,48610215452202256,Petro-Victory,*Petro-Victory - 100%,Potiguar,TERRA,0.03191,OP3_BE,1º PE,NÃO HÁ/HOUVE PAD,2022-11-21 00:00:00,,2027-11-21 00:00:00,,,,2027-11-21 00:00:00,207,0,
POT-T-702,48610204680202110,Potiguar E&P S.A.,*Potiguar E&P S.A. - 100%,Potiguar,TERRA,0.01718,OP2_BE,1º PE,NÃO HÁ/HOUVE PAD,2021-06-28 00:00:00,,2026-06-28 00:00:00,,,,2026-06-28 00:00:00,1000,1,1-POT-1-RN
POT-T-740,48610222069201959,Níon Energia,*Níon Energia - 100%,Potiguar,TERRA,0.013630000000000001,OP1_BE,1º PE,NÃO HÁ/HOUVE PAD,2020-02-14 00:00:00,,2026-08-14 00:00:00,,,,2026-08-14 00:00:00,102,0,
POT-T-741,48610010805201502,Níon Energia,*Níon Energia - 100%,Potiguar,TERRA,0.023129999999999998,BID13,2º PE,NÃO HÁ/HOUVE PAD,2016-02-03 00:00:00,,2019-02-03 00:00:00,2024-03-08 00:00:00,,,2024-03-08 00:00:00,181,0,
POT-T-785,48610012639201732,Geopark Brasil,"*Geopark Brasil - 70%, Petroil - 30%",Potiguar,TERRA,0.031868,BID14,1º PE,NÃO HÁ/HOUVE PAD,2018-01-29 00:00:00,,2025-04-29 00:00:00,,,,2025-04-29 00:00:00,215,0,
POT-T-794,48610009128200516A,Aguila,*Aguila - 100%,Potiguar,TERRA,0.018115,BID7,PRORROGADO POR PAD,HÁ/HOUVE PAD,2006-01-12 00:00:00,,2008-01-12 00:00:00,2009-01-12 00:00:00,,30/06/2023,2023-06-30 00:00:00,500,2,"1-STAR-8-RN, 3-STAR-16-RN"
POT-T-834,48610222070201983,Geopark Brasil,*Geopark Brasil - 100%,Potiguar,TERRA,0.03046,OP1_BE,1º PE,NÃO HÁ/HOUVE PAD,2020-02-14 00:00:00,,2025-02-14 00:00:00,,,,2025-02-14 00:00:00,234,0,
REC-T-103,48610215456202234,Petroborn,*Petroborn - 100%,Recôncavo,TERRA,0.028120000000000003,OP3_BE,1º PE,NÃO HÁ/HOUVE PAD,2022-11-09 00:00:00,,2027-11-09 00:00:00,,,,2027-11-09 00:00:00,181,0,
REC-T-107,48610005425201386,Great Energy,"*Great Energy - 51%, Great 108 - 49%",Recôncavo,TERRA,0.013061999999999999,BID11,PRORROGADO POR PAD,HÁ/HOUVE PAD,2013-08-30 00:00:00,,2017-09-01 00:00:00,2018-08-30 00:00:00,,20/03/2023,2023-03-20 00:00:00,2000,2,"1-GOP-1-BA, 1-GOP-1A-BA"
REC-T-108,48610010812201504,Great Energy,"*Great Energy - 51%, Great 42 - 49%",Recôncavo,TERRA,0.010545,BID13,PRORROGADO POR PAD,HÁ/HOUVE PAD,2015-12-23 00:00:00,,2020-03-21 00:00:00,2022-03-21 00:00:00,,20/03/2023,2023-03-20 00:00:00,200,1,1-GREN-1D-BA
REC-T-109,48610012642201756,Petroil,"*Petroil - 80%, Teknobras - 20%",Recôncavo,TERRA,0.020564,BID14,1º PE,NÃO HÁ/HOUVE PAD,2018-01-29 00:00:00,,2023-10-29 00:00:00,,,,2023-10-29 00:00:00,137,0,
REC-T-110,48610222074201961,Petroil,*Petroil - 100%,Recôncavo,TERRA,0.02761,OP1_BE,1º PE,NÃO HÁ/HOUVE PAD,2020-02-28 00:00:00,,2025-02-28 00:00:00,,,,2025-02-28 00:00:00,184,0,
REC-T-117,48610005460201303,Maha Energy,*Maha Energy - 100%,Recôncavo,TERRA,0.027510000000000003,BID11,1º PE,NÃO HÁ/HOUVE PAD,2013-08-30 00:00:00,,2023-11-27 00:00:00,2024-11-27 00:00:00,,,2024-11-27 00:00:00,2782,0,
REC-T-118,48610005386201317,Maha Energy,*Maha Energy - 100%,Recôncavo,TERRA,0.031347,BID11,1º PE,NÃO HÁ/HOUVE PAD,2013-08-30 00:00:00,,2023-11-07 00:00:00,2024-11-07 00:00:00,,,2024-11-07 00:00:00,3891,0,
REC-T-119,48610012643201709,Petroil,"*Petroil - 80%, Teknobras - 20%",Recôncavo,TERRA,0.016547,BID14,1º PE,NÃO HÁ/HOUVE PAD,2018-01-29 00:00:00,,2023-10-29 00:00:00,,,,2023-10-29 00:00:00,110,0,
REC-T-120,48610012652201791,Petroil,"*Petroil - 80%, Teknobras - 20%",Recôncavo,TERRA,0.034754,BID14,1º PE,NÃO HÁ/HOUVE PAD,2018-01-29 00:00:00,,2023-10-29 00:00:00,,,,2023-10-29 00:00:00,231,0,
REC-T-121,48610222075201914,Petroil,*Petroil - 100%,Recôncavo,TERRA,0.03136,OP1_BE,1º PE,NÃO HÁ/HOUVE PAD,2020-08-05 00:00:00,,2025-08-05 00:00:00,,,,2025-08-05 00:00:00,209,0,
REC-T-129,48610001443200821,Maha Energy,*Maha Energy - 100%,Recôncavo,TERRA,0.029300999999999997,BID9,SUSPENSO,HÁ/HOUVE PAD,2008-03-12 00:00:00,2015-08-18 00:00:00,2011-12-24 00:00:00,2013-11-24 00:00:00,,24/05/2018,2018-05-24 00:00:00,3500,3,"1-ALV-1-BA, 1-GTE-2-BA, 1-GTE-6HP-BA"
REC-T-142,48610001446200865,Maha Energy,*Maha Energy - 100%,Recôncavo,TERRA,0.027746,BID9,SUSPENSO,HÁ/HOUVE PAD,2008-03-12 00:00:00,2015-08-18 00:00:00,2011-11-24 00:00:00,2013-11-24 00:00:00,,24/05/2018,2018-05-24 00:00:00,2400,2,"1-GTE-1-BA, 1-GTE-5HP-BA"
REC-T-155,48610001427200839A,Maha Energy,*Maha Energy - 100%,Recôncavo,TERRA,0.017297999999999997,BID9,SUSPENSO,HÁ/HOUVE PAD,2008-03-12 00:00:00,2015-08-18 00:00:00,2011-11-24 00:00:00,2013-11-24 00:00:00,,24/05/2018,2018-05-24 00:00:00,2200,9,"1-ALV-2-BA, 1-GTE-7H-BA, 1-GTE-7HPA-BA, 1-GTE-7HPB-BA, 1-GTE-7HPC-BA, 1-GTE-8DP-BA, 3-GTE-3D-BA, 3-GTE-4D-BA, 3-GTE-4DPA-BA"
REC-T-158,48610001441200832,Cowan Petróleo e Gás,*Cowan Petróleo e Gás - 100%,Recôncavo,TERRA,0.031006,BID9,SUSPENSO,NÃO HÁ/HOUVE PAD,2008-03-12 00:00:00,2019-07-19 00:00:00,2011-05-11 00:00:00,2013-05-11 00:00:00,,,2013-05-11 00:00:00,1510,0,
REC-T-165,48610215458202223,Petroborn,*Petroborn - 100%,Recôncavo,TERRA,0.03437,OP3_BE,1º PE,NÃO HÁ/HOUVE PAD,2022-11-10 00:00:00,,2027-11-10 00:00:00,,,,2027-11-10 00:00:00,223,0,
REC-T-180,48610010824201521,Recôncavo Energia,*Recôncavo Energia - 100%,Recôncavo,TERRA,0.022431,BID13,2º PE,HÁ/HOUVE PAD,2016-04-04 00:00:00,,2021-06-17 00:00:00,2023-06-17 00:00:00,,08/05/2026,2026-05-08 00:00:00,300,1,1-FFL-1-BA
REC-T-182,48610001427200839,Alvopetro,*Alvopetro - 100%,Recôncavo,TERRA,0.019461,BID9,PRORROGADO POR PAD,HÁ/HOUVE PAD,2008-03-12 00:00:00,,2013-02-16 00:00:00,2015-05-27 00:00:00,,03/04/2024,2024-04-03 00:00:00,2100,4,"1-ALV-14D-BA, 1-ALV-4DP-BA, 1-ALV-8D-BA, 3-ALV-16D-BA"
REC-T-183,48610001295200845,Alvopetro,*Alvopetro - 100%,Recôncavo,TERRA,0.011746000000000001,BID9,2º PE,HÁ/HOUVE PAD,2008-03-31 00:00:00,,2015-06-11 00:00:00,2024-03-16 00:00:00,,01/01/2024,2024-03-16 00:00:00,1010,3,"1-ALV-15-BA, 1-ALV-5-BA, 1-ALV-6D-BA"
REC-T-191,48610215459202278,NTF,"*NTF - 50%, Newo - 50%",Recôncavo,TERRA,0.03132,OP3_BE,1º PE,NÃO HÁ/HOUVE PAD,2022-11-10 00:00:00,,2027-11-10 00:00:00,,,,2027-11-10 00:00:00,204,0,
REC-T-24,48610215457202289,NTF,*NTF - 100%,Recôncavo,TERRA,0.03551,OP3_BE,1º PE,NÃO HÁ/HOUVE PAD,2022-11-10 00:00:00,,2027-11-10 00:00:00,,,,2027-11-10 00:00:00,1200,0,
REC-T-58,48610222073201917,Geopark Brasil,*Geopark Brasil - 100%,Recôncavo,TERRA,0.03153,OP1_BE,1º PE,NÃO HÁ/HOUVE PAD,2020-02-14 00:00:00,,2025-02-14 00:00:00,,,,2025-02-14 00:00:00,209,0,
REC-T-59,48610000064201462,TOG Brasil,*TOG Brasil - 100%,Recôncavo,TERRA,0.030476,BID12,SUSPENSO,NÃO HÁ/HOUVE PAD,2014-06-06 00:00:00,2016-11-08 00:00:00,2017-06-06 00:00:00,2019-06-06 00:00:00,,,2019-06-06 00:00:00,288,0,
REC-T-67,48610222071201928,Geopark Brasil,*Geopark Brasil - 100%,Recôncavo,TERRA,0.031190000000000002,OP1_BE,1º PE,NÃO HÁ/HOUVE PAD,2020-02-14 00:00:00,,2025-02-14 00:00:00,,,,2025-02-14 00:00:00,211,0,
REC-T-68,48610000068201441,TOG Brasil,*TOG Brasil - 100%,Recôncavo,TERRA,0.03137,BID12,SUSPENSO,NÃO HÁ/HOUVE PAD,2014-06-06 00:00:00,2016-11-08 00:00:00,2017-06-06 00:00:00,2019-06-06 00:00:00,,,2019-06-06 00:00:00,288,0,
REC-T-69,48610000097201411,TOG Brasil,*TOG Brasil - 100%,Recôncavo,TERRA,0.03137,BID12,SUSPENSO,NÃO HÁ/HOUVE PAD,2014-06-06 00:00:00,2016-11-08 00:00:00,2017-06-06 00:00:00,2019-06-06 00:00:00,,,2019-06-06 00:00:00,1614,0,
REC-T-75,48610005511201399,Imetame,*Imetame - 100%,Recôncavo,TERRA,0.029731999999999998,BID11,1º PE,NÃO HÁ/HOUVE PAD,2013-08-30 00:00:00,,2025-01-20 00:00:00,2027-01-20 00:00:00,,,2027-01-20 00:00:00,1013,0,
REC-T-77,48610222072201972,Geopark Brasil,*Geopark Brasil - 100%,Recôncavo,TERRA,0.031190000000000002,OP1_BE,1º PE,NÃO HÁ/HOUVE PAD,2020-02-14 00:00:00,,2025-02-14 00:00:00,,,,2025-02-14 00:00:00,211,0,
REC-T-78,48610000055201471,TOG Brasil,*TOG Brasil - 100%,Recôncavo,TERRA,0.031366,BID12,SUSPENSO,NÃO HÁ/HOUVE PAD,2014-06-06 00:00:00,2016-11-08 00:00:00,2017-06-06 00:00:00,2019-06-06 00:00:00,,,2019-06-06 00:00:00,288,0,
REC-T-79,48610000103201421,TOG Brasil,*TOG Brasil - 100%,Recôncavo,TERRA,0.031366,BID12,SUSPENSO,NÃO HÁ/HOUVE PAD,2014-05-15 00:00:00,2016-11-08 00:00:00,2017-05-15 00:00:00,2019-05-15 00:00:00,,,2019-05-15 00:00:00,2614,0,
REC-T-88,48610000070201410,TOG Brasil,*TOG Brasil - 100%,Recôncavo,TERRA,0.030544,BID12,SUSPENSO,NÃO HÁ/HOUVE PAD,2014-06-06 00:00:00,2016-11-08 00:00:00,2017-06-06 00:00:00,2019-06-06 00:00:00,,,2019-06-06 00:00:00,288,0,
REC-T-99,48610010816201584,Imetame,*Imetame - 100%,Recôncavo,TERRA,0.032094000000000004,BID13,2º PE,NÃO HÁ/HOUVE PAD,2015-12-23 00:00:00,,2018-12-23 00:00:00,2024-03-08 00:00:00,,,2024-03-08 00:00:00,578,0,
S_GATO_MAT,48610012965201740,Shell Brasil,"*Shell Brasil - 50%, Ecopetrol Óleo e Gás - 30%, TotalEnergies EP - 20%",Santos,MAR,0.128832,PP2,1º PE,HÁ/HOUVE PAD,2018-01-31 00:00:00,,2024-04-01 00:00:00,,,01/04/2024,2024-04-01 00:00:00,0,2,"3-SHEL-30-RJS, 3-SHEL-32D-RJS"
SEAL-M-351,48610010826201510,ExxonMobil Brasil,"*ExxonMobil Brasil - 50%, Enauta Energia - 30%, Murphy Brasil - 20%",Sergipe,MAR,0.7568579999999999,BID13,2º PE,NÃO HÁ/HOUVE PAD,2015-12-23 00:00:00,,2021-09-23 00:00:00,2023-09-23 00:00:00,,,2023-09-23 00:00:00,150,0,
SEAL-M-428,48610010827201564,ExxonMobil Brasil,"*ExxonMobil Brasil - 50%, Enauta Energia - 30%, Murphy Brasil - 20%",Sergipe,MAR,0.756244,BID13,2º PE,NÃO HÁ/HOUVE PAD,2015-12-23 00:00:00,,2021-09-23 00:00:00,2023-09-23 00:00:00,,,2023-09-23 00:00:00,150,1,1-EMEB-3-SES
SEAL-M-430,48610005773201868,ExxonMobil Brasil,"*ExxonMobil Brasil - 50%, Enauta Energia - 30%, Murphy Brasil - 20%",Alagoas,MAR,0.75524,BID15,1º PE,NÃO HÁ/HOUVE PAD,2018-11-07 00:00:00,,2028-02-07 00:00:00,,,,2028-02-07 00:00:00,200,0,
SEAL-M-501,48610012640201767,ExxonMobil Brasil,"*ExxonMobil Brasil - 50%, Enauta Energia - 30%, Murphy Brasil - 20%",Sergipe,MAR,0.753799,BID14,1º PE,NÃO HÁ/HOUVE PAD,2018-01-29 00:00:00,,2027-04-29 00:00:00,,,,2027-04-29 00:00:00,120,0,
SEAL-M-503,48610012625201719,ExxonMobil Brasil,"*ExxonMobil Brasil - 50%, Enauta Energia - 30%, Murphy Brasil - 20%",Sergipe,MAR,0.754598,BID14,1º PE,NÃO HÁ/HOUVE PAD,2018-01-29 00:00:00,,2025-01-29 00:00:00,,,,2025-01-29 00:00:00,200,0,
SEAL-M-505,48610222076201951,ExxonMobil Brasil,"*ExxonMobil Brasil - 50%, Enauta Energia - 30%, Murphy Brasil - 20%",Sergipe,MAR,0.7546,OP1_BE,1º PE,NÃO HÁ/HOUVE PAD,2020-02-14 00:00:00,,2027-11-14 00:00:00,,,,2027-11-14 00:00:00,207,0,
SEAL-M-573,48610005774201811,ExxonMobil Brasil,"*ExxonMobil Brasil - 50%, Enauta Energia - 30%, Murphy Brasil - 20%",Sergipe,MAR,0.75395,BID15,1º PE,NÃO HÁ/HOUVE PAD,2018-11-07 00:00:00,,2028-02-07 00:00:00,,,,2028-02-07 00:00:00,116,0,
SEAL-M-575,48610222077201903,ExxonMobil Brasil,"*ExxonMobil Brasil - 50%, Enauta Energia - 30%, Murphy Brasil - 20%",Sergipe,MAR,0.75395,OP1_BE,1º PE,NÃO HÁ/HOUVE PAD,2020-02-14 00:00:00,,2027-11-14 00:00:00,,,,2027-11-14 00:00:00,200,0,
SEAL-M-637,48610222078201940,ExxonMobil Brasil,"*ExxonMobil Brasil - 50%, Enauta Energia - 30%, Murphy Brasil - 20%",Sergipe,MAR,0.75328,OP1_BE,1º PE,NÃO HÁ/HOUVE PAD,2020-02-14 00:00:00,,2027-11-14 00:00:00,,,,2027-11-14 00:00:00,231,0,
SEAL-T-102,48610215470202238,Origem,*Origem - 100%,Alagoas,TERRA,0.01839,OP3_BE,1º PE,NÃO HÁ/HOUVE PAD,2022-11-24 00:00:00,,2027-11-24 00:00:00,,,,2027-11-24 00:00:00,120,0,
SEAL-T-103,48610215471202282,Origem,*Origem - 100%,Alagoas,TERRA,0.02563,OP3_BE,1º PE,NÃO HÁ/HOUVE PAD,2022-11-24 00:00:00,,2027-11-24 00:00:00,,,,2027-11-24 00:00:00,167,0,
SEAL-T-110,48610215472202227,Origem,*Origem - 100%,Alagoas,TERRA,0.0253,OP3_BE,1º PE,NÃO HÁ/HOUVE PAD,2022-11-24 00:00:00,,2027-11-24 00:00:00,,,,2027-11-24 00:00:00,164,0,
SEAL-T-117,48610215473202271,Origem,*Origem - 100%,Alagoas,TERRA,0.03145,OP3_BE,1º PE,NÃO HÁ/HOUVE PAD,2022-11-24 00:00:00,,2027-11-24 00:00:00,,,,2027-11-24 00:00:00,204,0,
SEAL-T-120,48610215474202216,Origem,*Origem - 100%,Alagoas,TERRA,0.01526,OP3_BE,1º PE,NÃO HÁ/HOUVE PAD,2022-11-24 00:00:00,,2027-11-24 00:00:00,,,,2027-11-24 00:00:00,99,0,
SEAL-T-132,48610012637201743,Guindastes Brasil,*Guindastes Brasil - 100%,Alagoas,TERRA,0.03161,BID14,1º PE,NÃO HÁ/HOUVE PAD,2019-02-05 00:00:00,,2024-02-05 00:00:00,,,,2024-02-05 00:00:00,209,0,
SEAL-T-141,48610215475202261,Origem,*Origem - 100%,Alagoas,TERRA,0.02085,OP3_BE,1º PE,NÃO HÁ/HOUVE PAD,2022-11-24 00:00:00,,2027-11-24 00:00:00,,,,2027-11-24 00:00:00,136,0,
SEAL-T-151,48610215476202213,Origem,*Origem - 100%,Alagoas,TERRA,0.02282,OP3_BE,1º PE,NÃO HÁ/HOUVE PAD,2022-11-24 00:00:00,,2027-11-24 00:00:00,,,,2027-11-24 00:00:00,148,0,
SEAL-T-153,48610215477202250,Origem,*Origem - 100%,Alagoas,TERRA,0.024480000000000002,OP3_BE,1º PE,NÃO HÁ/HOUVE PAD,2022-11-24 00:00:00,,2027-11-24 00:00:00,,,,2027-11-24 00:00:00,159,0,
SEAL-T-166,48610215478202202,Origem,*Origem - 100%,Alagoas,TERRA,0.02784,OP3_BE,1º PE,NÃO HÁ/HOUVE PAD,2022-11-24 00:00:00,,2027-11-24 00:00:00,,,,2027-11-24 00:00:00,181,0,
SEAL-T-167,48610215479202249,Origem,*Origem - 100%,Alagoas,TERRA,0.02625,OP3_BE,1º PE,NÃO HÁ/HOUVE PAD,2022-11-24 00:00:00,,2027-11-24 00:00:00,,,,2027-11-24 00:00:00,171,0,
SEAL-T-179,48610215480202273,Origem,*Origem - 100%,Alagoas,TERRA,0.02966,OP3_BE,1º PE,NÃO HÁ/HOUVE PAD,2022-11-24 00:00:00,,2027-11-24 00:00:00,,,,2027-11-24 00:00:00,193,0,
SEAL-T-187,48610215481202218,Origem,*Origem - 100%,Alagoas,TERRA,0.03159,OP3_BE,1º PE,NÃO HÁ/HOUVE PAD,2022-11-24 00:00:00,,2027-11-24 00:00:00,,,,2027-11-24 00:00:00,205,0,
SEAL-T-252,48610215482202262,Origem,*Origem - 100%,Alagoas,TERRA,0.031420000000000003,OP3_BE,1º PE,NÃO HÁ/HOUVE PAD,2022-11-24 00:00:00,,2027-11-24 00:00:00,,,,2027-11-24 00:00:00,204,0,
SEAL-T-253,48610215483202215,Origem,*Origem - 100%,Alagoas,TERRA,0.023260000000000003,OP3_BE,1º PE,NÃO HÁ/HOUVE PAD,2022-11-24 00:00:00,,2027-11-24 00:00:00,,,,2027-11-24 00:00:00,151,0,
SF-T-104,48610001558200905,Imetame,"*Imetame - 51%, CEMIG - 24.5%, Codemig - 24.5%",São Francisco,TERRA,2.949995,BID10,SUSPENSO,HÁ/HOUVE PAD,2009-06-30 00:00:00,2016-09-28 00:00:00,2013-06-29 00:00:00,2015-08-20 00:00:00,,11/05/2023,2023-05-11 00:00:00,3265,1,1-IMET-7-MG
SF-T-114,48610001559200941,Imetame,"*Imetame - 51%, CEMIG - 24.5%, Codemig - 24.5%",São Francisco,TERRA,2.942327,BID10,SUSPENSO,HÁ/HOUVE PAD,2009-06-30 00:00:00,2017-05-22 00:00:00,2013-06-29 00:00:00,2015-08-20 00:00:00,,31/12/2020,2020-12-31 00:00:00,3265,1,1-IMET-8-MG
SF-T-132,48610009207200519,Cemes,"*Cemes - 51%, Codemig - 49%",São Francisco,TERRA,2.918005,BID7,SUSPENSO,HÁ/HOUVE PAD,2006-01-12 00:00:00,2015-03-18 00:00:00,2010-01-12 00:00:00,2012-01-12 00:00:00,,01/10/2019,2019-10-01 00:00:00,10,1,1-ORT-1-MG
S-M-1500,48610221682201959,BP Energy,*BP Energy - 100%,Santos,MAR,1.17192,BID16,1º PE,NÃO HÁ/HOUVE PAD,2020-02-14 00:00:00,,2027-11-14 00:00:00,,,,2027-11-14 00:00:00,204,0,
S-M-1537,48610012650201701,Karoon Brasil,*Karoon Brasil - 100%,Santos,MAR,0.171934,BID14,1º PE,NÃO HÁ/HOUVE PAD,2018-01-29 00:00:00,,2025-01-29 00:00:00,,,,2025-01-29 00:00:00,91,0,
S-M-1599,48610215460202201,Shell Brasil,"*Shell Brasil - 70%, Ecopetrol Óleo e Gás - 30%",Santos,MAR,0.68661,OP3_BE,1º PE,NÃO HÁ/HOUVE PAD,2022-11-07 00:00:00,,2029-11-07 00:00:00,,,,2029-11-07 00:00:00,180,0,
S-M-1601,48610215461202247,Shell Brasil,"*Shell Brasil - 70%, Ecopetrol Óleo e Gás - 30%",Santos,MAR,0.68661,OP3_BE,1º PE,NÃO HÁ/HOUVE PAD,2022-11-07 00:00:00,,2029-11-07 00:00:00,,,,2029-11-07 00:00:00,180,0,
S-M-1707,48610224690202171,Shell Brasil,*Shell Brasil - 100%,Santos,MAR,0.6851,BID17,1º PE,NÃO HÁ/HOUVE PAD,2022-03-28 00:00:00,,2029-03-28 00:00:00,,,,2029-03-28 00:00:00,180,0,
S-M-1709,48610224691202116,Shell Brasil,"*Shell Brasil - 70%, Ecopetrol Óleo e Gás - 30%",Santos,MAR,0.6851,BID17,1º PE,NÃO HÁ/HOUVE PAD,2022-03-28 00:00:00,,2029-03-28 00:00:00,,,,2029-03-28 00:00:00,107,0,
S-M-1711,48610215462202291,TotalEnergies EP,*TotalEnergies EP - 100%,Santos,MAR,0.685107,OP3_BE,1º PE,NÃO HÁ/HOUVE PAD,2022-11-08 00:00:00,,2029-11-08 00:00:00,,,,2029-11-08 00:00:00,185,0,
S-M-1713,48610215463202236,Shell Brasil,"*Shell Brasil - 70%, Ecopetrol Óleo e Gás - 30%",Santos,MAR,0.685107,OP3_BE,1º PE,NÃO HÁ/HOUVE PAD,2022-11-07 00:00:00,,2029-11-07 00:00:00,,,,2029-11-07 00:00:00,180,0,
S-M-1715,48610224692202161,Shell Brasil,*Shell Brasil - 100%,Santos,MAR,0.6851,BID17,1º PE,NÃO HÁ/HOUVE PAD,2022-03-28 00:00:00,,2029-03-28 00:00:00,,,,2029-03-28 00:00:00,150,0,
S-M-1717,48610224693202113,Shell Brasil,*Shell Brasil - 100%,Santos,MAR,0.6851,BID17,1º PE,NÃO HÁ/HOUVE PAD,2022-03-28 00:00:00,,2029-03-28 00:00:00,,,,2029-03-28 00:00:00,150,0,
S-M-1719,48610224694202150,Shell Brasil,*Shell Brasil - 100%,Santos,MAR,0.6851,BID17,1º PE,NÃO HÁ/HOUVE PAD,2022-03-28 00:00:00,,2029-03-28 00:00:00,,,,2029-03-28 00:00:00,150,0,
S-M-1815,48610215464202281,TotalEnergies EP,*TotalEnergies EP - 100%,Santos,MAR,0.683585,OP3_BE,1º PE,NÃO HÁ/HOUVE PAD,2022-11-07 00:00:00,,2029-11-07 00:00:00,,,,2029-11-07 00:00:00,185,0,
S-M-1817,48610215465202225,Shell Brasil,"*Shell Brasil - 70%, Ecopetrol Óleo e Gás - 30%",Santos,MAR,0.683585,OP3_BE,1º PE,NÃO HÁ/HOUVE PAD,2022-11-08 00:00:00,,2029-11-08 00:00:00,,,,2029-11-08 00:00:00,179,0,
S-M-1908,48610215466202270,Shell Brasil,"*Shell Brasil - 70%, Ecopetrol Óleo e Gás - 30%",Santos,MAR,0.6820510000000001,OP3_BE,1º PE,NÃO HÁ/HOUVE PAD,2022-11-08 00:00:00,,2029-11-08 00:00:00,,,,2029-11-08 00:00:00,125,0,
S-M-1910,48610215467202214,Shell Brasil,"*Shell Brasil - 70%, Ecopetrol Óleo e Gás - 30%",Santos,MAR,0.6820510000000001,OP3_BE,1º PE,NÃO HÁ/HOUVE PAD,2022-11-08 00:00:00,,2029-11-08 00:00:00,,,,2029-11-08 00:00:00,125,0,
S-M-518,48610009184200534,Shell Brasil,"*Shell Brasil - 50%, Ecopetrol Óleo e Gás - 30%, TotalEnergies EP - 20%",Santos,MAR,0.23885800000000001,BID7,PRORROGADO POR PAD,HÁ/HOUVE PAD,2006-01-12 00:00:00,,2010-01-12 00:00:00,2012-03-28 00:00:00,,01/04/2024,2024-04-01 00:00:00,80,3,"1-SHEL-23-RJS, 1-SHEL-26-RJS, 3-SHEL-27-RJS"
S-M-536,48610005782201859,ExxonMobil Brasil,"*ExxonMobil Brasil - 64%, QatarEnergy - 36%",Santos,MAR,0.68578,BID15,1º PE,NÃO HÁ/HOUVE PAD,2018-09-11 00:00:00,,2026-06-11 00:00:00,,,,2026-06-11 00:00:00,125,0,
S-M-623,48610009180200556,Petrobras,"*Petrobras - 60%, Repsol Sinopec - 20%, Shell Brasil - 20%",Santos,MAR,0.324914,BID7,PRORROGADO POR PAD,HÁ/HOUVE PAD,2006-01-12 00:00:00,,2013-08-31 00:00:00,2015-08-31 00:00:00,,05/03/2024,2024-03-05 00:00:00,1280,3,"1-BRSA-1063-SPS, 1-BRSA-1063i-SPS, 3-BRSA-1370-SPS"
S-M-647,48610005775201857,ExxonMobil Brasil,"*ExxonMobil Brasil - 64%, QatarEnergy - 36%",Santos,MAR,0.76176,BID15,1º PE,NÃO HÁ/HOUVE PAD,2018-09-11 00:00:00,,2026-06-11 00:00:00,,,,2026-06-11 00:00:00,201,0,
S-M-764,48610005776201800,Chevron Brasil Óleo,"*Chevron Brasil Óleo - 50%, Repsol - 50%",Santos,MAR,0.6968099999999999,BID15,1º PE,NÃO HÁ/HOUVE PAD,2018-11-07 00:00:00,,2025-11-07 00:00:00,,,,2025-11-07 00:00:00,225,0,
S-M-766,48610221683201901,Chevron Brasil Óleo,"*Chevron Brasil Óleo - 50%, Repsol - 50%",Santos,MAR,0.6968099999999999,BID16,1º PE,NÃO HÁ/HOUVE PAD,2020-02-14 00:00:00,,2027-02-14 00:00:00,,,,2027-02-14 00:00:00,151,0,
SO_TRTG_VD,48610011230201880,Petrobras,*Petrobras - 100%,Campos,MAR,0.123407,PP5,1º PE,NÃO HÁ/HOUVE PAD,2018-12-17 00:00:00,,2025-12-17 00:00:00,,,,2025-12-17 00:00:00,0,1,1-BRSA-1375-RJS
SOL-T-169,48610009147200526A,Rosneft,*Rosneft - 100%,Solimões,TERRA,0.577521,BID7,PRORROGADO POR PAD,HÁ/HOUVE PAD,2006-01-12 00:00:00,,2011-01-26 00:00:00,2014-02-16 00:00:00,,31/10/2025,2025-10-31 00:00:00,2220,4,"1-HRT-2-AM, 1-HRT-8-AM, 1-RNB-2-AM, 1-RNB-2A-AM"
SOL-T-170,48610009147200526A,Rosneft,*Rosneft - 100%,Solimões,TERRA,0.302543,BID7,PRORROGADO POR PAD,HÁ/HOUVE PAD,2006-01-12 00:00:00,,2010-03-20 00:00:00,2014-03-20 00:00:00,,31/10/2025,2025-10-31 00:00:00,20,3,"1-HRT-1-AM, 1-HRT-6-AM, 3-RNB-3-AM"
SOL-T-192,48610009147200526A,Rosneft,*Rosneft - 100%,Solimões,TERRA,0.136056,BID7,PRORROGADO POR PAD,HÁ/HOUVE PAD,2006-01-12 00:00:00,,2011-03-03 00:00:00,2017-03-03 00:00:00,,31/10/2025,2025-10-31 00:00:00,20,2,"1-HRT-10-AM, 1-HRT-5-AM"
TITA,48610011228201819,ExxonMobil Brasil,"*ExxonMobil Brasil - 64%, QatarEnergy - 36%",Santos,MAR,0.45348,PP5,1º PE,NÃO HÁ/HOUVE PAD,2018-12-17 00:00:00,,2026-09-17 00:00:00,,,,2026-09-17 00:00:00,0,1,1-EMEB-2-RJS
TUC-T-139,48610005437201319,Imetame,"*Imetame - 30%, Energy Paranã - 70%",Tucano Sul,TERRA,0.188691,BID11,2º PE,HÁ/HOUVE PAD,2013-09-17 00:00:00,,2022-11-11 00:00:00,2024-11-11 00:00:00,,31/05/2023,2024-11-11 00:00:00,5800,1,1-FCB-1-BA
TUC-T-140,48610215484202251,Imetame,"*Imetame - 30%, Energy Paranã - 70%",Tucano Sul,TERRA,0.18988999999999998,OP3_BE,1º PE,NÃO HÁ/HOUVE PAD,2022-11-09 00:00:00,,2028-11-09 00:00:00,,,,2028-11-09 00:00:00,410,0,
TUC-T-146,48610215485202204,Origem,*Origem - 100%,Tucano Sul,TERRA,0.18807,OP3_BE,1º PE,NÃO HÁ/HOUVE PAD,2022-11-24 00:00:00,,2028-11-24 00:00:00,,,,2028-11-24 00:00:00,406,0,
TUC-T-147,48610005438201355,Imetame,"*Imetame - 30%, Energy Paranã - 70%",Tucano Sul,TERRA,0.17019399999999998,BID11,2º PE,HÁ/HOUVE PAD,2013-09-17 00:00:00,,2022-11-11 00:00:00,2024-11-11 00:00:00,,31/05/2023,2024-11-11 00:00:00,4080,0,
TUC-T-154,48610215486202241,Origem,*Origem - 100%,Tucano Sul,TERRA,0.18799000000000002,OP3_BE,1º PE,NÃO HÁ/HOUVE PAD,2022-11-24 00:00:00,,2028-11-24 00:00:00,,,,2028-11-24 00:00:00,406,0,
TUC-T-161,48610215487202295,Imetame,"*Imetame - 30%, Energy Paranã - 70%",Tucano Sul,TERRA,0.18844,OP3_BE,1º PE,NÃO HÁ/HOUVE PAD,2022-11-10 00:00:00,,2028-11-10 00:00:00,,,,2028-11-10 00:00:00,1000,0,
TUC-T-167,48610215488202230,Origem,*Origem - 100%,Tucano Sul,TERRA,0.18782,OP3_BE,1º PE,NÃO HÁ/HOUVE PAD,2022-11-24 00:00:00,,2028-11-24 00:00:00,,,,2028-11-24 00:00:00,406,0,
TUC-T-172,48610204681202164,Petroborn,*Petroborn - 100%,Tucano Sul,TERRA,0.18218,OP2_BE,1º PE,NÃO HÁ/HOUVE PAD,2021-06-28 00:00:00,,2027-06-28 00:00:00,,,,2027-06-28 00:00:00,400,0,
TUC-T-177,48610215489202284,Origem,*Origem - 100%,Tucano Sul,TERRA,0.188194,OP3_BE,1º PE,NÃO HÁ/HOUVE PAD,2022-11-24 00:00:00,,2028-11-24 00:00:00,,,,2028-11-24 00:00:00,405,0,
